getAppState	false	true	ok
readText	false	true	ok
findElements	false	true	ok
click	false	true	ok
setValue	false	true	ok
scroll	false	true	ok
getAppState	true	true	invalid_argument
click	false	false	invalid_argument
mouseMove	false	true	requires_foreground
mouseClick	false	true	requires_foreground
mouseDrag	false	true	requires_foreground
mouseScroll	false	true	requires_foreground
pressKey	false	true	requires_foreground
hotkey	false	true	requires_foreground
typeText	false	true	requires_foreground
pasteText	false	true	requires_foreground
key	false	true	requires_foreground
type	false	true	requires_foreground
holdKey	false	true	requires_foreground
drag	false	true	requires_foreground
windowAction	false	true	requires_foreground
activateApp	false	true	requires_foreground
launchApp	false	true	requires_foreground
openTarget	false	true	requires_foreground
quitApp	false	true	requires_foreground
clipboardWrite	false	true	requires_foreground
performSecondaryAction	false	true	requires_foreground
reflexStart	false	true	requires_foreground
unknown	false	true	requires_foreground
